"spec","sim result","expected","judgment","unit","occurrence","reason","source","line","run id","prepared id","input digest","label","group","source kind","detail"
"c0eq","1.8","[1.7, 1.9]","pass","V","1","satisfied","run.cir","13","2a93b8ac-5d55-4672-8f6d-0760f1cd7b8b","873bf948-53ca-44e8-be2c-3c6e49703f32","fbbcdc2539cfc384b0dc4ec313fec8c29549e40e82c5138abca68e5c0ab1e63b","","","input","Meets the authored specification."
"c0gt","1.50156e-9","[-0.02, 0.02]","pass","V","1","satisfied","run.cir","14","2a93b8ac-5d55-4672-8f6d-0760f1cd7b8b","873bf948-53ca-44e8-be2c-3c6e49703f32","fbbcdc2539cfc384b0dc4ec313fec8c29549e40e82c5138abca68e5c0ab1e63b","","","input","Meets the authored specification."
"c0lt","1.50156e-9","[-0.02, 0.02]","pass","V","1","satisfied","run.cir","15","2a93b8ac-5d55-4672-8f6d-0760f1cd7b8b","873bf948-53ca-44e8-be2c-3c6e49703f32","fbbcdc2539cfc384b0dc4ec313fec8c29549e40e82c5138abca68e5c0ab1e63b","","","input","Meets the authored specification."
"c1eq","7.55325e-10","[-0.02, 0.02]","pass","V","1","satisfied","run.cir","16","2a93b8ac-5d55-4672-8f6d-0760f1cd7b8b","873bf948-53ca-44e8-be2c-3c6e49703f32","fbbcdc2539cfc384b0dc4ec313fec8c29549e40e82c5138abca68e5c0ab1e63b","","","input","Meets the authored specification."
"c1gt","1.79997","[1.7, 1.9]","pass","V","1","satisfied","run.cir","17","2a93b8ac-5d55-4672-8f6d-0760f1cd7b8b","873bf948-53ca-44e8-be2c-3c6e49703f32","fbbcdc2539cfc384b0dc4ec313fec8c29549e40e82c5138abca68e5c0ab1e63b","","","input","Meets the authored specification."
"c1lt","8.34441e-9","[-0.02, 0.02]","pass","V","1","satisfied","run.cir","18","2a93b8ac-5d55-4672-8f6d-0760f1cd7b8b","873bf948-53ca-44e8-be2c-3c6e49703f32","fbbcdc2539cfc384b0dc4ec313fec8c29549e40e82c5138abca68e5c0ab1e63b","","","input","Meets the authored specification."
"c2eq","1.24646e-8","[-0.02, 0.02]","pass","V","1","satisfied","run.cir","19","2a93b8ac-5d55-4672-8f6d-0760f1cd7b8b","873bf948-53ca-44e8-be2c-3c6e49703f32","fbbcdc2539cfc384b0dc4ec313fec8c29549e40e82c5138abca68e5c0ab1e63b","","","input","Meets the authored specification."
"c2gt","1.8","[1.7, 1.9]","pass","V","1","satisfied","run.cir","20","2a93b8ac-5d55-4672-8f6d-0760f1cd7b8b","873bf948-53ca-44e8-be2c-3c6e49703f32","fbbcdc2539cfc384b0dc4ec313fec8c29549e40e82c5138abca68e5c0ab1e63b","","","input","Meets the authored specification."
"c2lt","1.51187e-9","[-0.02, 0.02]","pass","V","1","satisfied","run.cir","21","2a93b8ac-5d55-4672-8f6d-0760f1cd7b8b","873bf948-53ca-44e8-be2c-3c6e49703f32","fbbcdc2539cfc384b0dc4ec313fec8c29549e40e82c5138abca68e5c0ab1e63b","","","input","Meets the authored specification."
"c3eq","7.52876e-10","[-0.02, 0.02]","pass","V","1","satisfied","run.cir","22","2a93b8ac-5d55-4672-8f6d-0760f1cd7b8b","873bf948-53ca-44e8-be2c-3c6e49703f32","fbbcdc2539cfc384b0dc4ec313fec8c29549e40e82c5138abca68e5c0ab1e63b","","","input","Meets the authored specification."
"c3gt","1.8","[1.7, 1.9]","pass","V","1","satisfied","run.cir","23","2a93b8ac-5d55-4672-8f6d-0760f1cd7b8b","873bf948-53ca-44e8-be2c-3c6e49703f32","fbbcdc2539cfc384b0dc4ec313fec8c29549e40e82c5138abca68e5c0ab1e63b","","","input","Meets the authored specification."
"c3lt","1.50157e-9","[-0.02, 0.02]","pass","V","1","satisfied","run.cir","24","2a93b8ac-5d55-4672-8f6d-0760f1cd7b8b","873bf948-53ca-44e8-be2c-3c6e49703f32","fbbcdc2539cfc384b0dc4ec313fec8c29549e40e82c5138abca68e5c0ab1e63b","","","input","Meets the authored specification."
"c4eq","7.54743e-10","[-0.02, 0.02]","pass","V","1","satisfied","run.cir","25","2a93b8ac-5d55-4672-8f6d-0760f1cd7b8b","873bf948-53ca-44e8-be2c-3c6e49703f32","fbbcdc2539cfc384b0dc4ec313fec8c29549e40e82c5138abca68e5c0ab1e63b","","","input","Meets the authored specification."
"c4gt","2.03967e-8","[-0.02, 0.02]","pass","V","1","satisfied","run.cir","26","2a93b8ac-5d55-4672-8f6d-0760f1cd7b8b","873bf948-53ca-44e8-be2c-3c6e49703f32","fbbcdc2539cfc384b0dc4ec313fec8c29549e40e82c5138abca68e5c0ab1e63b","","","input","Meets the authored specification."
"c4lt","1.79997","[1.7, 1.9]","pass","V","1","satisfied","run.cir","27","2a93b8ac-5d55-4672-8f6d-0760f1cd7b8b","873bf948-53ca-44e8-be2c-3c6e49703f32","fbbcdc2539cfc384b0dc4ec313fec8c29549e40e82c5138abca68e5c0ab1e63b","","","input","Meets the authored specification."
"c5eq","1.8","[1.7, 1.9]","pass","V","1","satisfied","run.cir","28","2a93b8ac-5d55-4672-8f6d-0760f1cd7b8b","873bf948-53ca-44e8-be2c-3c6e49703f32","fbbcdc2539cfc384b0dc4ec313fec8c29549e40e82c5138abca68e5c0ab1e63b","","","input","Meets the authored specification."
"c5gt","2.15732e-8","[-0.02, 0.02]","pass","V","1","satisfied","run.cir","29","2a93b8ac-5d55-4672-8f6d-0760f1cd7b8b","873bf948-53ca-44e8-be2c-3c6e49703f32","fbbcdc2539cfc384b0dc4ec313fec8c29549e40e82c5138abca68e5c0ab1e63b","","","input","Meets the authored specification."
"c5lt","1.79257e-8","[-0.02, 0.02]","pass","V","1","satisfied","run.cir","30","2a93b8ac-5d55-4672-8f6d-0760f1cd7b8b","873bf948-53ca-44e8-be2c-3c6e49703f32","fbbcdc2539cfc384b0dc4ec313fec8c29549e40e82c5138abca68e5c0ab1e63b","","","input","Meets the authored specification."
"c6eq","5.00686e-9","[-0.02, 0.02]","pass","V","1","satisfied","run.cir","31","2a93b8ac-5d55-4672-8f6d-0760f1cd7b8b","873bf948-53ca-44e8-be2c-3c6e49703f32","fbbcdc2539cfc384b0dc4ec313fec8c29549e40e82c5138abca68e5c0ab1e63b","","","input","Meets the authored specification."
"c6gt","1.8","[1.7, 1.9]","pass","V","1","satisfied","run.cir","32","2a93b8ac-5d55-4672-8f6d-0760f1cd7b8b","873bf948-53ca-44e8-be2c-3c6e49703f32","fbbcdc2539cfc384b0dc4ec313fec8c29549e40e82c5138abca68e5c0ab1e63b","","","input","Meets the authored specification."
"c6lt","1.52193e-9","[-0.02, 0.02]","pass","V","1","satisfied","run.cir","33","2a93b8ac-5d55-4672-8f6d-0760f1cd7b8b","873bf948-53ca-44e8-be2c-3c6e49703f32","fbbcdc2539cfc384b0dc4ec313fec8c29549e40e82c5138abca68e5c0ab1e63b","","","input","Meets the authored specification."
"c7eq","1.13359e-8","[-0.02, 0.02]","pass","V","1","satisfied","run.cir","34","2a93b8ac-5d55-4672-8f6d-0760f1cd7b8b","873bf948-53ca-44e8-be2c-3c6e49703f32","fbbcdc2539cfc384b0dc4ec313fec8c29549e40e82c5138abca68e5c0ab1e63b","","","input","Meets the authored specification."
"c7gt","1.8","[1.7, 1.9]","pass","V","1","satisfied","run.cir","35","2a93b8ac-5d55-4672-8f6d-0760f1cd7b8b","873bf948-53ca-44e8-be2c-3c6e49703f32","fbbcdc2539cfc384b0dc4ec313fec8c29549e40e82c5138abca68e5c0ab1e63b","","","input","Meets the authored specification."
"c7lt","1.07983e-8","[-0.02, 0.02]","pass","V","1","satisfied","run.cir","36","2a93b8ac-5d55-4672-8f6d-0760f1cd7b8b","873bf948-53ca-44e8-be2c-3c6e49703f32","fbbcdc2539cfc384b0dc4ec313fec8c29549e40e82c5138abca68e5c0ab1e63b","","","input","Meets the authored specification."
"c8eq","2.23164e-9","[-0.02, 0.02]","pass","V","1","satisfied","run.cir","37","2a93b8ac-5d55-4672-8f6d-0760f1cd7b8b","873bf948-53ca-44e8-be2c-3c6e49703f32","fbbcdc2539cfc384b0dc4ec313fec8c29549e40e82c5138abca68e5c0ab1e63b","","","input","Meets the authored specification."
"c8gt","1.92412e-8","[-0.02, 0.02]","pass","V","1","satisfied","run.cir","38","2a93b8ac-5d55-4672-8f6d-0760f1cd7b8b","873bf948-53ca-44e8-be2c-3c6e49703f32","fbbcdc2539cfc384b0dc4ec313fec8c29549e40e82c5138abca68e5c0ab1e63b","","","input","Meets the authored specification."
"c8lt","1.8","[1.7, 1.9]","pass","V","1","satisfied","run.cir","39","2a93b8ac-5d55-4672-8f6d-0760f1cd7b8b","873bf948-53ca-44e8-be2c-3c6e49703f32","fbbcdc2539cfc384b0dc4ec313fec8c29549e40e82c5138abca68e5c0ab1e63b","","","input","Meets the authored specification."
"c9eq","7.55752e-10","[-0.02, 0.02]","pass","V","1","satisfied","run.cir","40","2a93b8ac-5d55-4672-8f6d-0760f1cd7b8b","873bf948-53ca-44e8-be2c-3c6e49703f32","fbbcdc2539cfc384b0dc4ec313fec8c29549e40e82c5138abca68e5c0ab1e63b","","","input","Meets the authored specification."
"c9gt","3.92595e-9","[-0.02, 0.02]","pass","V","1","satisfied","run.cir","41","2a93b8ac-5d55-4672-8f6d-0760f1cd7b8b","873bf948-53ca-44e8-be2c-3c6e49703f32","fbbcdc2539cfc384b0dc4ec313fec8c29549e40e82c5138abca68e5c0ab1e63b","","","input","Meets the authored specification."
"c9lt","1.8","[1.7, 1.9]","pass","V","1","satisfied","run.cir","42","2a93b8ac-5d55-4672-8f6d-0760f1cd7b8b","873bf948-53ca-44e8-be2c-3c6e49703f32","fbbcdc2539cfc384b0dc4ec313fec8c29549e40e82c5138abca68e5c0ab1e63b","","","input","Meets the authored specification."
"c10eq","1.8","[1.7, 1.9]","pass","V","1","satisfied","run.cir","43","2a93b8ac-5d55-4672-8f6d-0760f1cd7b8b","873bf948-53ca-44e8-be2c-3c6e49703f32","fbbcdc2539cfc384b0dc4ec313fec8c29549e40e82c5138abca68e5c0ab1e63b","","","input","Meets the authored specification."
"c10gt","4.86633e-8","[-0.02, 0.02]","pass","V","1","satisfied","run.cir","44","2a93b8ac-5d55-4672-8f6d-0760f1cd7b8b","873bf948-53ca-44e8-be2c-3c6e49703f32","fbbcdc2539cfc384b0dc4ec313fec8c29549e40e82c5138abca68e5c0ab1e63b","","","input","Meets the authored specification."
"c10lt","4.17812e-8","[-0.02, 0.02]","pass","V","1","satisfied","run.cir","45","2a93b8ac-5d55-4672-8f6d-0760f1cd7b8b","873bf948-53ca-44e8-be2c-3c6e49703f32","fbbcdc2539cfc384b0dc4ec313fec8c29549e40e82c5138abca68e5c0ab1e63b","","","input","Meets the authored specification."
"c11eq","7.55232e-10","[-0.02, 0.02]","pass","V","1","satisfied","run.cir","46","2a93b8ac-5d55-4672-8f6d-0760f1cd7b8b","873bf948-53ca-44e8-be2c-3c6e49703f32","fbbcdc2539cfc384b0dc4ec313fec8c29549e40e82c5138abca68e5c0ab1e63b","","","input","Meets the authored specification."
"c11gt","1.79997","[1.7, 1.9]","pass","V","1","satisfied","run.cir","47","2a93b8ac-5d55-4672-8f6d-0760f1cd7b8b","873bf948-53ca-44e8-be2c-3c6e49703f32","fbbcdc2539cfc384b0dc4ec313fec8c29549e40e82c5138abca68e5c0ab1e63b","","","input","Meets the authored specification."
"c11lt","9.58055e-9","[-0.02, 0.02]","pass","V","1","satisfied","run.cir","48","2a93b8ac-5d55-4672-8f6d-0760f1cd7b8b","873bf948-53ca-44e8-be2c-3c6e49703f32","fbbcdc2539cfc384b0dc4ec313fec8c29549e40e82c5138abca68e5c0ab1e63b","","","input","Meets the authored specification."
"c12eq","5.70311e-9","[-0.02, 0.02]","pass","V","1","satisfied","run.cir","49","2a93b8ac-5d55-4672-8f6d-0760f1cd7b8b","873bf948-53ca-44e8-be2c-3c6e49703f32","fbbcdc2539cfc384b0dc4ec313fec8c29549e40e82c5138abca68e5c0ab1e63b","","","input","Meets the authored specification."
"c12gt","1.30107e-8","[-0.02, 0.02]","pass","V","1","satisfied","run.cir","50","2a93b8ac-5d55-4672-8f6d-0760f1cd7b8b","873bf948-53ca-44e8-be2c-3c6e49703f32","fbbcdc2539cfc384b0dc4ec313fec8c29549e40e82c5138abca68e5c0ab1e63b","","","input","Meets the authored specification."
"c12lt","1.8","[1.7, 1.9]","pass","V","1","satisfied","run.cir","51","2a93b8ac-5d55-4672-8f6d-0760f1cd7b8b","873bf948-53ca-44e8-be2c-3c6e49703f32","fbbcdc2539cfc384b0dc4ec313fec8c29549e40e82c5138abca68e5c0ab1e63b","","","input","Meets the authored specification."
"c13eq","1.13198e-8","[-0.02, 0.02]","pass","V","1","satisfied","run.cir","52","2a93b8ac-5d55-4672-8f6d-0760f1cd7b8b","873bf948-53ca-44e8-be2c-3c6e49703f32","fbbcdc2539cfc384b0dc4ec313fec8c29549e40e82c5138abca68e5c0ab1e63b","","","input","Meets the authored specification."
"c13gt","1.50954e-9","[-0.02, 0.02]","pass","V","1","satisfied","run.cir","53","2a93b8ac-5d55-4672-8f6d-0760f1cd7b8b","873bf948-53ca-44e8-be2c-3c6e49703f32","fbbcdc2539cfc384b0dc4ec313fec8c29549e40e82c5138abca68e5c0ab1e63b","","","input","Meets the authored specification."
"c13lt","1.8","[1.7, 1.9]","pass","V","1","satisfied","run.cir","54","2a93b8ac-5d55-4672-8f6d-0760f1cd7b8b","873bf948-53ca-44e8-be2c-3c6e49703f32","fbbcdc2539cfc384b0dc4ec313fec8c29549e40e82c5138abca68e5c0ab1e63b","","","input","Meets the authored specification."
"c14eq","7.53537e-10","[-0.02, 0.02]","pass","V","1","satisfied","run.cir","55","2a93b8ac-5d55-4672-8f6d-0760f1cd7b8b","873bf948-53ca-44e8-be2c-3c6e49703f32","fbbcdc2539cfc384b0dc4ec313fec8c29549e40e82c5138abca68e5c0ab1e63b","","","input","Meets the authored specification."
"c14gt","1.22231e-8","[-0.02, 0.02]","pass","V","1","satisfied","run.cir","56","2a93b8ac-5d55-4672-8f6d-0760f1cd7b8b","873bf948-53ca-44e8-be2c-3c6e49703f32","fbbcdc2539cfc384b0dc4ec313fec8c29549e40e82c5138abca68e5c0ab1e63b","","","input","Meets the authored specification."
"c14lt","1.79997","[1.7, 1.9]","pass","V","1","satisfied","run.cir","57","2a93b8ac-5d55-4672-8f6d-0760f1cd7b8b","873bf948-53ca-44e8-be2c-3c6e49703f32","fbbcdc2539cfc384b0dc4ec313fec8c29549e40e82c5138abca68e5c0ab1e63b","","","input","Meets the authored specification."
"c15eq","1.8","[1.7, 1.9]","pass","V","1","satisfied","run.cir","58","2a93b8ac-5d55-4672-8f6d-0760f1cd7b8b","873bf948-53ca-44e8-be2c-3c6e49703f32","fbbcdc2539cfc384b0dc4ec313fec8c29549e40e82c5138abca68e5c0ab1e63b","","","input","Meets the authored specification."
"c15gt","1.88541e-8","[-0.02, 0.02]","pass","V","1","satisfied","run.cir","59","2a93b8ac-5d55-4672-8f6d-0760f1cd7b8b","873bf948-53ca-44e8-be2c-3c6e49703f32","fbbcdc2539cfc384b0dc4ec313fec8c29549e40e82c5138abca68e5c0ab1e63b","","","input","Meets the authored specification."
"c15lt","1.84487e-8","[-0.02, 0.02]","pass","V","1","satisfied","run.cir","60","2a93b8ac-5d55-4672-8f6d-0760f1cd7b8b","873bf948-53ca-44e8-be2c-3c6e49703f32","fbbcdc2539cfc384b0dc4ec313fec8c29549e40e82c5138abca68e5c0ab1e63b","","","input","Meets the authored specification."
